precision,recall,f1-score,support
0.8614800759013282,0.9639065817409767,0.9098196392785571,471.0
0.37037037037037035,0.12048192771084337,0.18181818181818182,83.0
0.8375451263537906,0.8375451263537906,0.8375451263537906,0.8375451263537906
0.6159252231358493,0.54219425472591,0.5458189105483695,554.0
0.7879022680329718,0.8375451263537906,0.8007508288648185,554.0
