hipoteza;train_R2;test_R2;train_MSE;test_MSE;train_RMSE;test_RMSE;train_MAE;test_MAE;CV_mean_R2;CV_std_R2
hipoteza_1;0.6515298876711062;0.5161069576083226;2.7418819600975253;3.108605553779195;1.6558629049826332;1.763123805573277;1.1096895748421587;1.2945918865823551;0.502097649523235;0.09116427624600894
