predyktor,waznosc
Income,0.45103335415396506
Recency,0.33903728610323774
NumCatalogPurchases,0.20992935974279714
