hipoteza,train_accuracy,test_accuracy,precision,recall,f1,CV_mean_accuracy,CV_std_accuracy,blad_calkowity
hipoteza_3,0.8808664259927798,0.8375451263537906,0.37037037037037035,0.12048192771084337,0.18181818181818182,0.8492790759156448,0.007977772648135992,0.16245487364620936
