hipoteza,train_R2,test_R2,train_MSE,test_MSE,train_RMSE,test_RMSE,train_MAE,test_MAE,CV_mean_R2,CV_std_R2
hipoteza_2,0.6658894139163594,0.5714810264045432,37304.040198060655,51389.51095461097,193.14253855135243,226.69254719688286,125.7524687360356,150.36179705016968,0.5671754434834446,0.030456921679062273
