predyktor,waznosc
Income,0.9629845175830812
Kidhome,0.022789257131473187
Marital_Status,0.01422622528544564
