predyktor,waznosc
Income,0.6631999765846803
NumWebVisitsMonth,0.25709958682097234
Recency,0.07970043659434738
