hipoteza,kmeans_silhouette,kmeans_calinski_harabasz,kmeans_davies_bouldin,em_silhouette,em_calinski_harabasz,em_davies_bouldin,em_bic,em_aic,em_srednie_prawdopodobienstwo
hipoteza_1,0.30668173987647046,844.3684193134369,1.2419118670105374,0.27478528666800855,497.75616295377,1.2480912696436708,21373.457399372164,21122.584695415906,0.952296293342733
hipoteza_2,0.3884156048725695,1499.693936910596,1.0799115938153125,0.41956351165112954,827.4518789974331,1.678051348730594,-35073.63454832173,-35427.13699480555,0.9988311485544863
hipoteza_3,0.35580607686706106,1014.0012614353998,1.118610756096995,0.34250087690298403,972.0530342841973,1.1516418733021843,-8527.264837950075,-8778.137541906333,0.9440725170227628
