hipoteza,accuracy,blad_calkowity
hipoteza_3,0.8303249097472925,0.16967509025270755
