predyktor,waznosc
Income,0.9762088993383249
Kidhome,0.02379110066167513
Marital_Status,0.0
