precision,recall,f1-score,support
0.8703339882121808,0.940552016985138,0.9040816326530612,471.0
0.37777777777777777,0.20481927710843373,0.265625,83.0
0.8303249097472925,0.8303249097472925,0.8303249097472925,0.8303249097472925
0.6240558829949793,0.5726856470467858,0.5848533163265306,554.0
0.7965394657102757,0.8303249097472925,0.8084283826346422,554.0
