hipoteza,koszt_resubstytucji_MSE,R2,SK_srednie_R2,SK_std_R2
hipoteza_1,3.858676688966446,0.4861553397764642,0.4453103269358719,0.0898632675695424
