predyktor,waznosc
Income,0.4581986204399786
Recency,0.324574643740518
NumCatalogPurchases,0.21722673581950336
