predyktor,waznosc
Income,0.7203364585518156
NumWebVisitsMonth,0.26745652573614975
Recency,0.012207015712034641
