hipoteza,koszt_resubstytucji_MSE,R2,SK_srednie_R2,SK_std_R2
hipoteza_2,47402.57093683934,0.5832329795015448,0.5577231322318242,0.031398129752134775
