cluster_em,liczebnosc,procent
0,1182,53.43580470162749
1,331,14.96383363471971
2,699,31.6003616636528
