silhouette,calinski_harabasz,davies_bouldin,bic,aic,srednie_prawdopodobienstwo_przynaleznosci
0.34250087690298403,972.0530342841973,1.1516418733021843,-8527.264837950075,-8778.137541906333,0.9440725170227628
