cluster_em,Response,Income,Recency,NumCatalogPurchases
0,0.0,39470.45431472081,50.81810490693739,0.7216582064297801
1,1.0,60187.752265861025,35.29305135951662,4.193353474320242
2,0.0,70045.90987124463,52.57653791130186,5.237482117310443
