silhouette,calinski_harabasz,davies_bouldin,inertia
0.35580607686706106,1014.0012614353998,1.118610756096995,4612.985688466614
