silhouette_mean,silhouette_std,calinski_mean,calinski_std,davies_mean,davies_std
0.3526530333359496,0.00613495098551752,109.5957912379154,24.953213554642083,1.1060825249986233,0.037124731116003486
