cluster_kmeans,Response,Income,Recency,NumCatalogPurchases
0,0.0,38228.90468085106,51.03744680851064,0.7429787234042553
1,1.0,60187.752265861025,35.29305135951662,4.193353474320242
2,0.0,71809.07223796034,52.19405099150141,5.157223796033994
