cluster_kmeans,liczebnosc,procent
0,1175,53.11934900542496
1,331,14.96383363471971
2,706,31.916817359855333
