k,silhouette,calinski_harabasz,davies_bouldin,inertia
2,0.46356478544600815,859.4922373723272,1.0858963178504257,6370.460808442822
3,0.35580607686706106,1014.0012614353998,1.118610756096995,4612.985688466614
4,0.3492078495747222,1044.0381257626254,0.9420309631469841,3658.4205168133576
5,0.3513709092795289,1023.1292021892572,0.7613139120418116,3099.8679113671005
6,0.35964518868112055,1024.3386646944728,0.79668636543068,2663.7949331931663
