zmienna,kmeans_min,kmeans_max,em_min,em_max,roznica_kmeans,roznica_em
Response,0.0,1.0,0.0,1.0,1.0,1.0
Income,38228.90468085106,71809.07223796034,39470.45431472081,70045.90987124463,33580.16755710928,30575.45555652382
Recency,35.29305135951662,52.19405099150141,35.29305135951662,52.57653791130186,16.900999631984796,17.283486551785245
NumCatalogPurchases,0.7429787234042553,5.157223796033994,0.7216582064297801,5.237482117310443,4.414245072629739,4.515823910880663
