,NumWebPurchases,Income,Recency,NumWebVisitsMonth,MntWines,Kidhome,Response,NumCatalogPurchases
NumWebPurchases,1.0,0.38787781129179055,-0.005640853762668513,-0.051226263075050224,0.5537859390502029,-0.37197654934658897,0.1514312334625439,0.38686764014569974
Income,0.38787781129179055,1.0,-0.003969755538429376,-0.5530880116530972,0.5786497501367389,-0.4286690079691846,0.1330466637515787,0.5891624419343275
Recency,-0.005640853762668513,-0.003969755538429376,1.0,-0.018563643401724592,0.01572101942331807,0.011492148877606424,-0.1997663692915026,0.024081407575308154
NumWebVisitsMonth,-0.051226263075050224,-0.5530880116530972,-0.018563643401724592,1.0,-0.32197790064085907,0.44747694055447795,-0.0022089540409419906,-0.5220037739848211
MntWines,0.5537859390502029,0.5786497501367389,0.01572101942331807,-0.32197790064085907,1.0,-0.4973358580482491,0.24629895700789073,0.634752740561013
Kidhome,-0.37197654934658897,-0.4286690079691846,0.011492148877606424,0.44747694055447795,-0.4973358580482491,1.0,-0.07790872188049353,-0.5045006219645888
Response,0.1514312334625439,0.1330466637515787,-0.1997663692915026,-0.0022089540409419906,0.24629895700789073,-0.07790872188049353,1.0,0.2199136123036807
NumCatalogPurchases,0.38686764014569974,0.5891624419343275,0.024081407575308154,-0.5220037739848211,0.634752740561013,-0.5045006219645888,0.2199136123036807,1.0
