,NumWebPurchases,Income,Recency,NumWebVisitsMonth,MntWines,Kidhome,Response,NumCatalogPurchases
NumWebPurchases,1.0,0.38847346220255574,-0.004122615365738199,-0.05267480094541451,0.5540484464045052,-0.3717748264963537,0.15092880761188174,0.3884678343544711
Income,0.38847346220255574,1.0,-0.004335005180473584,-0.5528682583981251,0.5786938200383723,-0.4285920263053938,0.1325216574580855,0.5888834667951767
Recency,-0.004122615365738199,-0.004335005180473584,1.0,-0.016797711064668663,0.015740543438944314,0.010430110822104223,-0.19945707166434293,0.022990814486379085
NumWebVisitsMonth,-0.05267480094541451,-0.5528682583981251,-0.016797711064668663,1.0,-0.32231757724662763,0.44815994492657524,-0.0015398767342161151,-0.5206971165746649
MntWines,0.5540484464045052,0.5786938200383723,0.015740543438944314,-0.32231757724662763,1.0,-0.4975240365276321,0.24635513169229128,0.6354174120081673
Kidhome,-0.3717748264963537,-0.4285920263053938,0.010430110822104223,0.44815994492657524,-0.4975240365276321,1.0,-0.0767011865760745,-0.5048683753342345
Response,0.15092880761188174,0.1325216574580855,-0.19945707166434293,-0.0015398767342161151,0.24635513169229128,-0.0767011865760745,1.0,0.2188292558250041
NumCatalogPurchases,0.3884678343544711,0.5888834667951767,0.022990814486379085,-0.5206971165746649,0.6354174120081673,-0.5048683753342345,0.2188292558250041,1.0
