Marital_Status,MntWines
Alone,184.66666666666666
Other,338.75
Partner,303.28041958041956
Single,308.7073170731707
