Income_group,NumWebPurchases
"(1729.999, 35303.0]",2.012635379061372
"(35303.0, 51381.5]",3.3971119133574006
"(51381.5, 68522.0]",5.644404332129964
"(68522.0, 666666.0]",5.287003610108303
