Marital_Status,MntWines
Partner,303.28041958041956
Single,308.2314578005115
