Income_group,NumWebPurchases
"(1729.999, 35233.5]",2.0108499095840866
"(35233.5, 51381.5]",3.383363471971067
"(51381.5, 68522.0]",5.649186256781194
"(68522.0, 666666.0]",5.289330922242315
