zmienna,liczba_przypadkow,srednia,mediana,moda,minimum,maksimum,odchylenie_std,wariancja
NumWebPurchases,2216,4.08528880866426,4.0,2.0,0.0,27.0,2.7409510810147237,7.5128128285157825
Income,2216,52247.25135379061,51381.5,7500.0,1730.0,666666.0,25173.076660901403,633683788.5756189
Recency,2216,49.01263537906137,49.0,56.0,0.0,99.0,28.948351658624986,838.0070637514159
NumWebVisitsMonth,2216,5.319043321299639,6.0,7.0,0.0,20.0,2.425358540606444,5.882364050492621
MntWines,2216,305.09160649819495,174.5,2.0,0.0,1493.0,337.32792011667175,113790.12569023967
Kidhome,2216,0.4417870036101083,0.0,0.0,0.0,2.0,0.5368962401346713,0.28825757267074664
Response,2216,0.15027075812274368,0.0,0.0,0.0,1.0,0.35741727012906493,0.12774710498651298
NumCatalogPurchases,2216,2.671028880866426,2.0,0.0,0.0,28.0,2.9267336360080134,8.565769776140687
