Marital_Status,liczebnosc,procent
Partner,1430,64.53068592057761
Single,779,35.15342960288809
Other,4,0.18050541516245489
Alone,3,0.13537906137184116
