Marital_Status,liczebnosc,procent
Partner,1430,64.64737793851718
Single,782,35.35262206148282
