zmienna_1,zmienna_2,chi2,p_value,df
NumCatalogPurchases,Response,95.76573124447697,1.6022699308870774e-21,2
Recency,Response,90.59358620423053,1.6332715969625402e-19,3
MntWines,Response,85.14347183195596,2.4174612350533316e-18,3
Income,Response,82.73612327143925,7.943719271266754e-18,3
Marital_Status,Response,52.68568860105431,2.1392167042912845e-11,3
NumWebVisitsMonth,Response,22.50397367930205,5.1232422806563564e-05,3
Kidhome,Response,3.384992438320995,0.06579248076541527,1
