zmienna_1,zmienna_2,chi2,p_value,df
NumCatalogPurchases,Response,95.55120495834049,1.7836903950200342e-21,2
Recency,Response,90.32830148910551,1.8622632923316858e-19,3
MntWines,Response,85.50475979383596,2.0221132367465678e-18,3
Income,Response,81.72460171760537,1.3093764965719028e-17,3
Marital_Status,Response,47.85340624286106,4.593084011327926e-12,1
NumWebVisitsMonth,Response,21.753872252154174,7.339311036083577e-05,3
Kidhome,Response,3.3522566654685964,0.06711294864129425,1
