cluster_em,liczebnosc,procent
0,915,41.365280289330926
1,8,0.3616636528028933
2,1289,58.273056057866185
