silhouette,calinski_harabasz,davies_bouldin,bic,aic,srednie_prawdopodobienstwo_przynaleznosci
0.27478528666800855,497.75616295377,1.2480912696436708,21373.457399372164,21122.584695415906,0.952296293342733
