cluster_em,NumWebPurchases,Income,Recency,NumWebVisitsMonth
0,1.8262295081967213,32621.468852459016,48.940983606557374,6.536612021857923
1,0.5,221604.5,48.625,1.125
2,5.707525213343677,65102.27618308766,49.131109387121796,4.482544608223429
