silhouette_mean,silhouette_std,calinski_mean,calinski_std,davies_mean,davies_std
0.3045137948609801,0.0198600906222319,89.56447114613736,17.613809966936497,1.2299848295839984,0.07648989958072754
