silhouette,calinski_harabasz,davies_bouldin,inertia
0.30668173987647046,844.3684193134369,1.2419118670105374,5014.507856534911
