cluster_kmeans,NumWebPurchases,Income,Recency,NumWebVisitsMonth
0,2.121151936444886,34119.10724925521,48.75273088381331,6.73286991062562
1,7.6516245487364625,59746.36281588447,46.60649819494585,6.128158844765343
2,4.081413210445469,73856.9708141321,51.59139784946237,2.447004608294931
