cluster_kmeans,liczebnosc,procent
0,1007,45.52441229656419
1,554,25.04520795660036
2,651,29.430379746835442
