k,silhouette,calinski_harabasz,davies_bouldin,inertia
2,0.3007881677074402,932.5652553759215,1.3678200026835992,6222.330615585226
3,0.30668173987647046,844.3684193134369,1.2419118670105374,5014.507856534911
4,0.2947620353289233,826.7191972225603,1.1805164401832544,4167.177322435204
5,0.29701525003484136,799.7289343699399,0.9476606192740208,3612.2830245194637
6,0.2937323599711757,822.2401245500431,0.9327106234835473,3089.789366344701
