zmienna,kmeans_min,kmeans_max,em_min,em_max,roznica_kmeans,roznica_em
NumWebPurchases,2.121151936444886,7.6516245487364625,0.5,5.707525213343677,5.530472612291577,5.207525213343677
Income,34119.10724925521,73856.9708141321,32621.468852459016,221604.5,39737.86356487689,188983.03114754098
Recency,46.60649819494585,51.59139784946237,48.625,49.131109387121796,4.984899654516518,0.5061093871217963
NumWebVisitsMonth,2.447004608294931,6.73286991062562,1.125,6.536612021857923,4.28586530233069,5.411612021857923
