cluster_em,liczebnosc,procent
0,289,13.041516245487365
1,1153,52.03068592057762
2,774,34.92779783393502
