silhouette,calinski_harabasz,davies_bouldin,bic,aic,srednie_prawdopodobienstwo_przynaleznosci
0.22080706218155802,733.4633016389108,1.5790530160010945,20968.611989605728,20495.22488863275,0.9840546162401134
