cluster_em,0,1
0,82.35294117647058,17.647058823529413
1,81.3529921942758,18.647007805724197
2,91.343669250646,8.656330749354005
