cluster_em,Income,NumWebPurchases,MntWines,NumCatalogPurchases,Recency,Kidhome
0,53020.491349480966,5.280276816608996,288.48096885813146,2.13840830449827,48.705882352941174,1.027681660899654
1,66209.04856895056,5.395490026019081,501.52385082393755,4.3816131830008676,49.092801387684304,0.0008673026886383347
2,31160.147286821706,1.6873385012919897,18.675710594315245,0.32170542635658916,49.007751937984494,0.8798449612403101
