cluster_em,Alone,Other,Partner,Single
0,0.34602076124567477,0.0,67.47404844290658,32.17993079584775
1,0.0,0.3469210754553339,63.486556808326114,36.16652211621856
2,0.2583979328165375,0.0,64.98708010335918,34.75452196382429
