cluster_kmeans,Alone,Other,Partner,Single
0,0.23282887077997672,0.0,64.95925494761352,34.807916181606515
1,0.117096018735363,0.117096018735363,63.58313817330211,36.18266978922717
2,0.0,0.5964214711729622,65.4075546719682,33.99602385685885
