cluster_kmeans,liczebnosc,procent
0,859,38.76353790613718
1,854,38.537906137184116
2,503,22.6985559566787
