silhouette_mean,silhouette_std,calinski_mean,calinski_std,davies_mean,davies_std
0.26964296855895903,0.015528295088577638,100.68440583738706,18.694963519116627,1.3679146987924813,0.06530576521641528
