cluster_kmeans,Income,NumWebPurchases,MntWines,NumCatalogPurchases,Recency,Kidhome
0,36035.23166472642,2.509895227008149,58.474970896391156,0.629802095459837,49.387660069848664,1.0535506402793946
1,72274.5081967213,6.062060889929742,645.6662763466043,5.423887587822014,49.769320843091336,0.08665105386416862
2,45930.844930417494,3.4194831013916502,148.01988071570577,1.4831013916500995,47.087475149105366,0.0
