silhouette,calinski_harabasz,davies_bouldin,inertia
0.27129888198457336,971.5694443316447,1.370056111168197,7079.729995441237
