cluster_kmeans,0,1
0,88.47497089639114,11.525029103608848
1,76.69789227166277,23.302107728337237
2,93.04174950298211,6.958250497017893
