k,silhouette,calinski_harabasz,davies_bouldin,inertia
2,0.36446185606353765,1410.6928047234383,1.1288908824123887,8121.3440964021265
3,0.27129888198457336,971.5694443316447,1.370056111168197,7079.729995441237
4,0.25561157629715114,808.437625738445,1.5839544949819966,6342.1970392605635
5,0.23603189103066832,727.8125873235432,1.451191101211934,5739.198596658856
6,0.24410609118146742,679.7362715993429,1.3828380590184672,5239.0828808389415
