zmienna,srednia_kmeans_min,srednia_kmeans_max,srednia_em_min,srednia_em_max
Income,36035.23166472642,72274.5081967213,31160.147286821706,66209.04856895056
NumWebPurchases,2.509895227008149,6.062060889929742,1.6873385012919897,5.395490026019081
MntWines,58.474970896391156,645.6662763466043,18.675710594315245,501.52385082393755
NumCatalogPurchases,0.629802095459837,5.423887587822014,0.32170542635658916,4.3816131830008676
Recency,47.087475149105366,49.769320843091336,48.705882352941174,49.092801387684304
Kidhome,0.0,1.0535506402793946,0.0008673026886383347,1.027681660899654
