cluster_em,liczebnosc,procent
0,1274,57.59493670886076
1,853,38.5623869801085
2,85,3.8426763110307416
