silhouette,calinski_harabasz,davies_bouldin,bic,aic,srednie_prawdopodobienstwo_przynaleznosci
0.41956351165112954,827.4518789974331,1.678051348730594,-35073.63454832173,-35427.13699480555,0.9988311485544863
