cluster_em,Partner,Single
0,63.657770800627944,36.342229199372056
1,65.06447831184057,34.93552168815944
2,75.29411764705883,24.705882352941178
