cluster_em,MntWines,Income,Kidhome
0,454.30690737833595,61409.6726844584,0.0
1,74.87338804220398,36917.43141852286,1.0
2,377.3411764705882,68374.37647058823,1.4823529411764707
