cluster_kmeans,MntWines,Income,Kidhome
0,739.3062787136294,75248.71516079633,0.05666156202143951
1,73.71651785714286,36811.56584821428,1.0513392857142858
2,189.9110105580694,50403.83107088989,0.0
