silhouette,calinski_harabasz,davies_bouldin,inertia
0.3884156048725695,1499.693936910596,1.0799115938153125,3243.3088998484777
