silhouette_mean,silhouette_std,calinski_mean,calinski_std,davies_mean,davies_std
0.3871627248972323,0.022944222036601618,169.33260394845587,42.09527192731268,1.071331856349732,0.04920600417176242
