cluster_kmeans,Partner,Single
0,63.39969372128637,36.60030627871363
1,65.40178571428571,34.598214285714285
2,64.85671191553544,35.14328808446455
