cluster_kmeans,liczebnosc,procent
0,653,29.520795660036168
1,896,40.50632911392405
2,663,29.972875226039783
