k,silhouette,calinski_harabasz,davies_bouldin,inertia
2,0.42532615685897707,1724.7297581491462,0.9731844830003772,4295.10540333332
3,0.3884156048725695,1499.693936910596,1.0799115938153125,3243.3088998484777
4,0.3606484589598138,1253.6275118895076,1.1714893837909115,2828.7981140753154
5,0.362865978289455,1309.905402208161,0.9298967484673296,2266.412537334627
6,0.41668367198698897,1311.5289015522094,0.8270503043182699,1924.943396483514
