zmienna,kmeans_min,kmeans_max,em_min,em_max,roznica_kmeans,roznica_em
MntWines,73.71651785714286,739.3062787136294,74.87338804220398,454.30690737833595,665.5897608564865,379.43351933613195
Income,36811.56584821428,75248.71516079633,36917.43141852286,68374.37647058823,38437.14931258205,31456.945052065377
Kidhome,0.0,1.0513392857142858,0.0,1.4823529411764707,1.0513392857142858,1.4823529411764707
